layer,f1_macro,f1_deception,f1_truth,cm_deception_deception,cm_norm_deception_deception,cm_deception_truth,cm_norm_deception_truth,cm_truth_deception,cm_norm_truth_deception,cm_truth_truth,cm_norm_truth_truth,auroc,n_samples
0,0.8019119884744039,0.8741729401196867,0.7296510368291212,3216,0.8933333333333333,384,0.10666666666666667,542,0.30228667038482987,1251,0.6977133296151701,0.8830584193108313,5393
1,0.8366277847900416,0.896138776483529,0.7771167930965543,3295,0.9152777777777777,305,0.08472222222222223,459,0.2559955382041272,1334,0.7440044617958729,0.9045441549998359,5393
2,0.8637506383130793,0.9149247584239459,0.8125765182022127,3393,0.9425,207,0.0575,424,0.23647518126045733,1369,0.7635248187395427,0.92416428164482,5393
3,0.8618668781646883,0.9134327662049928,0.8103009901243838,3382,0.9394444444444444,218,0.06055555555555556,423,0.23591745677635248,1370,0.7640825432236475,0.9303063850719895,5393
4,0.862541126820446,0.9133200605722529,0.8117621930686392,3373,0.9369444444444445,227,0.06305555555555556,413,0.23034021193530396,1380,0.769659788064696,0.9343531252323423,5393
5,0.8654826375287971,0.9152495388657599,0.8157157361918342,3380,0.9388888888888889,220,0.06111111111111111,406,0.22643614054657,1387,0.77356385945343,0.9382669709379631,5393
6,0.8672776272664675,0.9165407917769194,0.8180144627560155,3389,0.9413888888888889,211,0.058611111111111114,406,0.22643614054657,1387,0.77356385945343,0.9415474263809568,5393
7,0.8793197592264899,0.9228599925930425,0.8357795258599372,3386,0.9405555555555556,214,0.059444444444444446,352,0.19631901840490798,1441,0.803680981595092,0.9475337393597985,5393
8,0.8859600776014442,0.9273222805508754,0.844597874652013,3408,0.9466666666666667,192,0.05333333333333334,342,0.19074177356385946,1451,0.8092582264361405,0.9507045821381208,5393
9,0.8953041010865954,0.9330709738513768,0.8575372283218139,3424,0.9511111111111111,176,0.04888888888888889,315,0.17568321249302846,1478,0.8243167875069716,0.9569233931415114,5393
10,0.8940845754115813,0.9329994704822491,0.8551696803409135,3440,0.9555555555555556,160,0.044444444444444446,334,0.18627997769102064,1459,0.8137200223089793,0.9558780500614681,5393
11,0.8957745779021011,0.9335758149685122,0.85797334083569,3430,0.9527777777777777,170,0.04722222222222222,318,0.177356385945343,1475,0.822643614054657,0.9582809914515285,5393
12,0.8941514745675193,0.9321908582936563,0.8561120908413823,3417,0.9491666666666667,183,0.050833333333333335,314,0.17512548800892358,1479,0.8248745119910764,0.9583256833244287,5393
13,0.8965201960776445,0.9334051955721143,0.8596351965831749,3416,0.9488888888888889,184,0.051111111111111114,303,0.1689905186837702,1490,0.8310094813162298,0.9619494165720006,5393
14,0.9231534516136677,0.9499365298825749,0.8963703733447606,3454,0.9594444444444444,146,0.04055555555555555,218,0.12158393753485779,1575,0.8784160624651423,0.9819672237265044,5393
15,0.9266236803215924,0.9520904646807674,0.9011568959624172,3458,0.9605555555555556,142,0.03944444444444444,206,0.11489124372559956,1587,0.8851087562744004,0.9846859195312865,5393
16,0.9266172962924493,0.9518144477288368,0.9014201448560618,3446,0.9572222222222222,154,0.042777777777777776,195,0.10875627440044618,1598,0.8912437255995538,0.9856500184144867,5393
17,0.9346382872718066,0.9570540993661625,0.9122224751774507,3466,0.9627777777777777,134,0.03722222222222222,177,0.09871723368655884,1616,0.9012827663134412,0.9887792578529574,5393
18,0.9377419499793553,0.9588847796702892,0.9165991202884214,3465,0.9625,135,0.0375,162,0.09035136642498606,1631,0.9096486335750139,0.9899095237045451,5393
19,0.940838805544211,0.9609869711175186,0.9206906399709034,3473,0.9647222222222223,127,0.035277777777777776,155,0.08644729503625209,1638,0.913552704963748,0.991704432574449,5393
20,0.944536420272707,0.963254139378594,0.92581870116682,3475,0.9652777777777778,125,0.034722222222222224,140,0.0780814277746793,1653,0.9219185722253207,0.9928769490826473,5393
21,0.9453958357609489,0.9637973368158136,0.9269943347060842,3475,0.9652777777777778,125,0.034722222222222224,136,0.0758505298382599,1657,0.9241494701617401,0.9930668538806152,5393
22,0.9485868544709295,0.966119088253089,0.93105462068877,3493,0.9702777777777778,107,0.029722222222222223,138,0.0769659788064696,1655,0.9230340211935304,0.9940802482584046,5393
23,0.9486845197349902,0.9660550076574788,0.9313140318125017,3488,0.9688888888888889,112,0.03111111111111111,133,0.07417735638594534,1660,0.9258226436140546,0.9945258312887202,5393
24,0.9475588907701885,0.9654111104829102,0.9297066710574668,3490,0.9694444444444444,110,0.030555555555555555,140,0.0780814277746793,1653,0.9219185722253207,0.9942240195798732,5393
25,0.9483402379096215,0.966004328483838,0.9306761473354049,3497,0.9713888888888889,103,0.02861111111111111,143,0.07975460122699386,1650,0.9202453987730062,0.9941152044440293,5393
26,0.9484064667894223,0.9659583226310637,0.9308546109477808,3493,0.9702777777777778,107,0.029722222222222223,139,0.07752370329057445,1654,0.9224762967094255,0.9940493002495032,5393
27,0.9474283848885876,0.9652233055642061,0.9296334642129691,3486,0.9683333333333334,114,0.03166666666666667,137,0.07640825432236475,1656,0.9235917456776352,0.994172466581597,5393
28,0.9447027058914419,0.9634203216166041,0.9259850901662798,3481,0.9669444444444445,119,0.03305555555555555,145,0.08087005019520357,1648,0.9191299498047965,0.993683024869067,5393
29,0.945705855826265,0.9641425333454212,0.9272691783071089,3485,0.9680555555555556,115,0.03194444444444444,144,0.08031232571109871,1649,0.9196876742889013,0.9936234749692658,5393
30,0.9461945453184061,0.9643757241695375,0.9280133664672746,3483,0.9675,117,0.0325,140,0.0780814277746793,1653,0.9219185722253207,0.9936336213082411,5393
31,0.9473905400746649,0.9652462662152839,0.9295348139340461,3489,0.9691666666666666,111,0.030833333333333334,140,0.0780814277746793,1653,0.9219185722253207,0.9938655163231889,5393
32,0.944430713226309,0.9633235992508056,0.9255378272018124,3483,0.9675,117,0.0325,148,0.08254322364751812,1645,0.9174567763524819,0.993858610890656,5393
33,0.9454836118681131,0.9640108384383309,0.9269563852978955,3486,0.9683333333333334,114,0.03166666666666667,146,0.08142777467930842,1647,0.9185722253206916,0.9942371096431394,5393
34,0.9487788166153024,0.9659943121128404,0.9315633211177643,3484,0.9677777777777777,116,0.03222222222222222,129,0.07194645844952594,1664,0.928053541550474,0.9947550214057603,5393
35,0.9427860476495236,0.962190612182695,0.9233814831163523,3477,0.9658333333333333,123,0.034166666666666665,150,0.08365867261572783,1643,0.9163413273842722,0.9930798315549954,5393
