layer,f1_macro,f1_deception,f1_honest_mistake,f1_truth,cm_deception_deception,cm_norm_deception_deception,cm_deception_honest_mistake,cm_norm_deception_honest_mistake,cm_deception_truth,cm_norm_deception_truth,cm_honest_mistake_deception,cm_norm_honest_mistake_deception,cm_honest_mistake_honest_mistake,cm_norm_honest_mistake_honest_mistake,cm_honest_mistake_truth,cm_norm_honest_mistake_truth,cm_truth_deception,cm_norm_truth_deception,cm_truth_honest_mistake,cm_norm_truth_honest_mistake,cm_truth_truth,cm_norm_truth_truth
0,0.6697879568101648,0.8484204844232501,0.6599091404075347,0.5010342455997094,3695,0.852954755309326,395,0.09118190212373038,242,0.055863342566943676,397,0.09817012858555885,2728,0.6745796241345203,919,0.22725024727992088,286,0.1072768192048012,1100,0.41260315078769694,1280,0.48012003000750186
1,0.6735769483644433,0.8541517780446946,0.662414996179142,0.504164070869493,3710,0.8564173591874423,373,0.0861034164358264,249,0.0574792243767313,384,0.09495548961424333,2739,0.6772997032640949,921,0.22774480712166173,260,0.09752438109527382,1113,0.4174793698424606,1293,0.48499624906226557
2,0.7187683054089803,0.9030939391902253,0.7103668374423601,0.542844139594356,3924,0.9058171745152355,224,0.05170821791320406,184,0.04247460757156048,240,0.05934718100890208,2954,0.7304648862512364,850,0.21018793273986153,194,0.072768192048012,1093,0.4099774943735934,1379,0.5172543135783946
3,0.7197248064135461,0.901873462640677,0.7047401633407638,0.5525607932591975,3903,0.9009695290858726,230,0.0530932594644506,199,0.04593721144967682,222,0.05489614243323442,2875,0.7109297725024728,947,0.23417408506429277,198,0.07426856714178545,1010,0.37884471117779445,1458,0.5468867216804201
4,0.7487514111107624,0.9475786306435514,0.7287238228948775,0.5699517797938585,4096,0.9455216989843028,96,0.0221606648199446,140,0.032317636195752536,101,0.024975272007912958,2972,0.734915924826904,971,0.240108803165183,116,0.04351087771942986,1045,0.3919729932483121,1505,0.5645161290322581
5,0.7304996738258133,0.92106073708435,0.7105938871092682,0.5598443972838216,3983,0.9194367497691598,180,0.04155124653739612,169,0.03901200369344414,178,0.044015825914935705,2897,0.7163699307616221,969,0.23961424332344214,156,0.058514628657164294,1031,0.386721680420105,1479,0.5547636909227307
6,0.6968488609833953,0.8732827345533165,0.6855201048764894,0.5317437435203799,3773,0.8709602954755309,333,0.07686980609418283,226,0.05216989843028624,295,0.07294757665677547,2827,0.6990603363006924,922,0.22799208704253215,241,0.09039759939984997,1043,0.39122280570142537,1382,0.5183795948987246
7,0.6972651805390827,0.8725691738664054,0.6786189101068433,0.5406074576439999,3784,0.8734995383194829,318,0.07340720221606649,230,0.0530932594644506,334,0.08259149357072205,2764,0.6834817012858556,946,0.23392680514342234,222,0.08327081770442611,1020,0.3825956489122281,1424,0.5341335333833458
8,0.728209770448462,0.9196832150822806,0.7129899367192256,0.55195615954388,3986,0.920129270544783,196,0.04524469067405355,150,0.03462603878116344,179,0.04426310583580613,2942,0.7274975272007913,923,0.22823936696340258,171,0.0641410352588147,1070,0.4013503375843961,1425,0.5345086271567892
9,0.7615997931930094,0.9619064446408812,0.7435317790510819,0.5793611558870648,4168,0.9621421975992613,65,0.015004616805170823,99,0.022853185595567867,61,0.015084075173095944,3056,0.7556874381800198,927,0.22922848664688428,105,0.03938484621155289,1055,0.39572393098274566,1506,0.5648912228057015
10,0.7491290710081406,0.9505457294483272,0.7267442789868636,0.5700972045892314,4113,0.9494459833795014,100,0.023084025854108958,119,0.02746999076638966,92,0.02274975272007913,2961,0.7321958456973294,991,0.24505440158259148,117,0.04388597149287322,1043,0.39122280570142537,1506,0.5648912228057015
11,0.7637135839964632,0.9572305621728731,0.7417700162929688,0.5921401735235478,4140,0.9556786703601108,74,0.017082179132040628,118,0.02723915050784857,72,0.017804154302670624,3007,0.743570722057369,965,0.23862512363996044,106,0.03975993998499625,983,0.3687171792948237,1577,0.59152288072018
12,0.7647517161409659,0.956984420358587,0.7361182883715516,0.6011524396927592,4137,0.9549861495844876,80,0.018467220683287166,115,0.0265466297322253,79,0.0195351137487636,2949,0.7292284866468842,1016,0.2512363996043521,98,0.03675918979744936,937,0.3514628657164291,1631,0.6117779444861215
13,0.7678596590884023,0.9650232353127605,0.7512861293867921,0.5872696125656541,4180,0.9649122807017544,42,0.009695290858725761,110,0.025392428439519853,50,0.012363996043521267,3078,0.7611275964391692,916,0.2265084075173096,101,0.03788447111777944,1030,0.38634658664666166,1535,0.5757689422355589
14,0.777101829071516,0.9735575262744142,0.7588732774189101,0.5988746835212237,4216,0.9732225300092336,17,0.0039242843951985225,99,0.022853185595567867,17,0.0042037586547972305,3086,0.7631058358061326,941,0.23269040553907022,96,0.03600900225056264,986,0.3698424606151538,1584,0.5941485371342836
15,0.7833863337811303,0.9747221603753526,0.7674230458181466,0.6080137951498918,4224,0.9750692520775623,20,0.0046168051708217915,88,0.020313942751615882,17,0.0042037586547972305,3141,0.776706231454006,886,0.21909000989119684,94,0.035258814703675916,981,0.367966991747937,1591,0.5967741935483871
16,0.7863224102644475,0.9731684879215992,0.7731243470414644,0.6126743958302789,4207,0.9711449676823638,20,0.0046168051708217915,105,0.024238227146814405,11,0.0027200791295746785,3168,0.7833827893175074,865,0.2138971315529179,96,0.03600900225056264,963,0.3612153038259565,1607,0.6027756939234808
17,0.7908034773823723,0.9726823389882048,0.7787912442067698,0.6209368489521426,4220,0.974145891043398,17,0.0039242843951985225,95,0.021929824561403508,11,0.0027200791295746785,3180,0.7863501483679525,853,0.2109297725024728,114,0.04276069017254314,925,0.3469617404351088,1627,0.6102775693923481
18,0.7962715287438421,0.9748246996269948,0.7841232691370755,0.6298666174674563,4221,0.974376731301939,12,0.002770083102493075,99,0.022853185595567867,6,0.001483679525222552,3201,0.7915430267062314,837,0.206973293768546,101,0.03788447111777944,908,0.34058514628657166,1657,0.621530382595649
19,0.7961940353024958,0.9735480669489244,0.7839840326841093,0.6310500062744536,4215,0.9729916897506925,11,0.0025392428439519853,106,0.024469067405355493,10,0.002472799208704253,3193,0.789564787339268,841,0.2079624134520277,102,0.03825956489122281,898,0.336834208552138,1666,0.6249062265566392
20,0.7984685549903591,0.9748481340956439,0.7916973777804346,0.6288601530949987,4225,0.9753000923361034,11,0.0025392428439519853,96,0.0221606648199446,5,0.0012363996043521265,3274,0.8095944609297725,765,0.18916913946587538,106,0.03975993998499625,941,0.3529632408102025,1619,0.6072768192048013
21,0.8018430359711014,0.974363877869864,0.7892225160057127,0.6419427140377274,4220,0.974145891043398,9,0.002077562326869806,103,0.023776546629732224,8,0.0019782393669634025,3203,0.7920375865479723,833,0.20598417408506428,102,0.03825956489122281,861,0.32295573893473367,1703,0.6387846961740435
22,0.8049184868855557,0.9736649050221107,0.7945212745573527,0.6465692810772039,4215,0.9729916897506925,8,0.0018467220683287165,109,0.025161588180978762,4,0.0009891196834817012,3227,0.7979723046488625,813,0.2010385756676558,107,0.04013503375843961,844,0.31657914478619653,1715,0.6432858214553638
23,0.8050311663814672,0.972692187162312,0.7944349889016056,0.6479663230804841,4203,0.9702216066481995,10,0.0023084025854108957,119,0.02746999076638966,6,0.001483679525222552,3225,0.7974777448071216,813,0.2010385756676558,101,0.03788447111777944,840,0.3150787696924231,1725,0.6470367591897974
24,0.8000118664123753,0.9744031023756274,0.789808060814272,0.6358244360472267,4227,0.9757617728531855,6,0.0013850415512465374,99,0.022853185595567867,6,0.001483679525222552,3222,0.7967359050445104,816,0.20178041543026706,111,0.041635408852213056,886,0.33233308327081773,1669,0.6260315078769693
25,0.8036626724567203,0.9744527762275143,0.7922665915069558,0.6442686496356911,4216,0.9732225300092336,9,0.002077562326869806,107,0.024699907663896584,6,0.001483679525222552,3223,0.7969831849653808,815,0.20153313550939664,99,0.037134283570892726,860,0.3225806451612903,1707,0.640285071267817
26,0.8004227164835133,0.9736989315004768,0.7912303848705619,0.6363388330795011,4203,0.9702216066481995,10,0.0023084025854108957,119,0.02746999076638966,5,0.0012363996043521265,3244,0.8021760633036598,795,0.19658753709198812,93,0.03488372093023256,902,0.33833458364591146,1671,0.626781695423856
27,0.8020075223044385,0.9723813227531977,0.7933897091503057,0.640251535009812,4207,0.9711449676823638,13,0.0030009233610341643,112,0.02585410895660203,8,0.0019782393669634025,3247,0.802917903066271,789,0.19510385756676557,106,0.03975993998499625,880,0.3300825206301575,1680,0.6301575393848462
28,0.7998251706643341,0.9726598704254688,0.792008603187727,0.6348070383798069,4216,0.9732225300092336,9,0.002077562326869806,107,0.024699907663896584,6,0.001483679525222552,3242,0.8016815034619189,796,0.19683481701285854,115,0.043135783945986494,891,0.3342085521380345,1660,0.622655663915979
29,0.7959930547150343,0.9719791484121443,0.7821521502726413,0.6338478654603176,4198,0.969067405355494,23,0.00530932594644506,111,0.025623268698060944,5,0.0012363996043521265,3172,0.7843719090009891,867,0.21439169139465875,103,0.038634658664666165,872,0.32708177044261066,1691,0.6342835708927231
30,0.802182621079356,0.9730582129294643,0.7928447265043028,0.6406449238043008,4208,0.971375807940905,8,0.0018467220683287165,116,0.02677746999076639,7,0.0017309594460929772,3236,0.8001978239366964,801,0.1980712166172107,102,0.03825956489122281,875,0.32820705176294074,1689,0.6335333833458364
31,0.8025011284266398,0.9723353056823771,0.7921204258806311,0.643047653716911,4200,0.9695290858725761,7,0.001615881809787627,125,0.028855032317636194,13,0.003214638971315529,3226,0.7977250247279921,805,0.1990603363006924,94,0.035258814703675916,868,0.32558139534883723,1704,0.6391597899474869
32,0.8013211554254148,0.9724680309771188,0.7918651326401296,0.6396303026589959,4203,0.9702216066481995,13,0.0030009233610341643,116,0.02677746999076639,9,0.002225519287833828,3237,0.8004451038575667,798,0.19732937685459942,100,0.037509377344336084,882,0.33083270817704424,1684,0.6316579144786196
33,0.7996936713374362,0.9721884251356737,0.7924206065121778,0.6344719823644571,4213,0.9725300092336103,11,0.0025392428439519853,108,0.024930747922437674,7,0.0017309594460929772,3249,0.8034124629080118,788,0.19485657764589515,115,0.043135783945986494,896,0.3360840210052513,1655,0.6207801950487621
34,0.7896940496720987,0.9713901010609817,0.7794775076952174,0.6182145402600969,4210,0.9718374884579871,7,0.001615881809787627,115,0.0265466297322253,8,0.0019782393669634025,3173,0.7846191889218596,863,0.21340257171117705,118,0.04426106526631658,917,0.3439609902475619,1631,0.6117779444861215
35,0.7967731461266204,0.9709776526975313,0.7868191676595065,0.6325226180228232,4199,0.9692982456140351,13,0.0030009233610341643,120,0.027700831024930747,9,0.002225519287833828,3205,0.7925321463897131,830,0.205242334322453,109,0.04088522130532633,884,0.33158289572393096,1673,0.6275318829707427
